f1,acc,meanprec,meanrec
1.0,1.0,1.0,1.0
1.0,1.0,1.0,1.0
1.0,1.0,1.0,1.0
1.0,1.0,1.0,1.0
1.0,1.0,1.0,1.0
0.9007761694986365,0.8888888888888888,0.8968253968253969,0.9047619047619048
1.0,1.0,1.0,1.0
0.9483960948396096,0.9444444444444444,0.9444444444444445,0.9523809523809524
1.0,1.0,1.0,1.0
1.0,1.0,1.0,1.0
